{
    "mtxl": [
        [
            614.7979589179312,
            0.0,
            324.962111427254
        ],
        [
            0.0,
            614.6392499426423,
            239.70374047026627
        ],
        [
            0.0,
            0.0,
            1.0
        ]
    ],
    "distl": [
        [
            0.10230205203735492,
            -0.07714697931173385,
            -0.0015366561749859185,
            -0.0020881125639457304,
            -0.40328294624786454
        ]
    ],
    "newcameramtxl": [
        [
            613.291573029355,
            0.0,
            324.16677199453375
        ],
        [
            0.0,
            613.5112316977203,
            238.96387667090468
        ],
        [
            0.0,
            0.0,
            1.0
        ]
    ],
    "mtxr": [
        [
            616.0038622719918,
            0.0,
            349.39644672002134
        ],
        [
            0.0,
            615.8526576438278,
            240.02449285547442
        ],
        [
            0.0,
            0.0,
            1.0
        ]
    ],
    "distr": [
        [
            0.09495722890499486,
            -0.11936714065524856,
            -0.0007244614337995617,
            0.0007470944353593393,
            -0.15175034957633576
        ]
    ],
    "newcameramtxr": [
        [
            619.461936006446,
            0.0,
            351.28101149573695
        ],
        [
            0.0,
            616.728599198419,
            239.6748619649615
        ],
        [
            0.0,
            0.0,
            1.0
        ]
    ],
    "cameramatrixl": [
        [
            613.291573029355,
            0.0,
            324.16677199453375
        ],
        [
            0.0,
            613.5112316977203,
            238.96387667090468
        ],
        [
            0.0,
            0.0,
            1.0
        ]
    ],
    "cameramatrixr": [
        [
            619.461936006446,
            0.0,
            351.28101149573695
        ],
        [
            0.0,
            616.728599198419,
            239.6748619649615
        ],
        [
            0.0,
            0.0,
            1.0
        ]
    ],
    "distcoeffsl": [
        [
            0.10230205203735492,
            -0.07714697931173385,
            -0.0015366561749859185,
            -0.0020881125639457304,
            -0.40328294624786454
        ]
    ],
    "distcoeffsr": [
        [
            0.09495722890499486,
            -0.11936714065524856,
            -0.0007244614337995617,
            0.0007470944353593393,
            -0.15175034957633576
        ]
    ],
    "R": [
        [
            0.9951784498057692,
            0.08761348361694445,
            0.044087759420154894
        ],
        [
            -0.08344988236510807,
            0.9925509583525222,
            -0.08876211019764796
        ],
        [
            -0.05153610555169721,
            0.08465502089063107,
            0.995076658987925
        ]
    ],
    "T": [
        [
            -7.1819191165305725
        ],
        [
            1.1368863627116483
        ],
        [
            0.46309104919556393
        ]
    ]
}